"sus","fam","inf","buil","nei","lng","lat","infFam","infBuil","infNei","invDist","infP"
1,26,TRUE,35,10,14,14,3,3,8,0.0747137044022689,0.59665434628139
2,66,FALSE,46,16,19,2,0,0,20,0.138192586971169,0.537942536582679
3,21,FALSE,87,3,1,18,0,0,2,0.0255921650959269,0.542585926057192
4,126,FALSE,26,19,15,4,0,0,0,0.0343583241994719,0.586793247779961
5,190,FALSE,37,6,11,19,0,0,1,0.028551040411792,0.61343548540421
6,187,FALSE,86,20,17,6,0,0,0,0.0353719617366976,0.653130140603412
7,114,FALSE,22,11,13,1,0,0,0,0.0270615400067121,0.326848847476228
8,147,FALSE,34,18,9,5,0,0,0,0.0239794098719859,0.669903339482196
9,37,FALSE,90,3,1,18,0,0,2,0.0255921650959269,0.339064840868898
10,89,FALSE,35,10,14,14,0,3,8,0.0747137044022689,0.650896612623151
11,183,FALSE,66,12,4,3,0,0,0,0.0161973162326656,0.556048934683872
12,113,FALSE,42,7,12,11,0,0,0,0.0310454292922893,0.616297957893257
13,102,FALSE,18,14,10,7,1,2,2,0.0348838356507186,0.561641929839736
14,143,FALSE,89,2,2,10,0,0,0,0.0160445692346759,0.510672429792114
15,84,FALSE,36,9,5,12,0,0,0,0.0191199542801635,0.646247916271331
16,1,FALSE,98,18,9,5,0,0,0,0.0239794098719859,0.521330821032785
17,27,FALSE,53,15,18,20,0,0,0,0.0226035222520718,0.757317603163557
18,41,FALSE,33,7,12,11,0,0,0,0.0310454292922893,0.56958792881429
19,31,FALSE,37,6,11,19,0,0,1,0.028551040411792,0.569482614479769
20,139,FALSE,67,6,11,19,0,0,1,0.028551040411792,0.451041884664946
21,125,FALSE,93,20,17,6,0,0,0,0.0353719617366976,0.408888516117873
22,160,FALSE,4,14,10,7,0,0,2,0.0348838356507186,0.692955146170587
23,34,FALSE,59,4,8,17,0,0,0,0.0218545194501943,0.563040121700775
24,92,FALSE,67,6,11,19,0,0,1,0.028551040411792,0.557289839238837
25,78,FALSE,82,5,6,13,0,0,0,0.0202796290134346,0.665813521264818
26,122,FALSE,49,9,5,12,0,0,0,0.0191199542801635,0.507080398631794
27,78,FALSE,82,5,6,13,0,0,0,0.0202796290134346,0.407631813222563
28,17,FALSE,6,2,2,10,0,0,0,0.0160445692346759,0.45375321418797
29,91,FALSE,91,10,14,14,2,5,8,0.0747137044022689,0.64551529333238
30,142,FALSE,10,15,18,20,0,0,0,0.0226035222520718,0.420463807793745
31,179,FALSE,95,19,15,4,0,0,0,0.0343583241994719,0.525565422377804
32,17,FALSE,6,2,2,10,0,0,0,0.0160445692346759,0.655305770945868
33,13,FALSE,87,3,1,18,0,0,2,0.0255921650959269,0.343137140249013
34,36,FALSE,97,12,4,3,0,0,0,0.0161973162326656,0.637758182837265
35,83,FALSE,70,13,3,9,0,0,0,0.0167940588784264,0.458811026152146
36,28,FALSE,80,18,9,5,0,0,0,0.0239794098719859,0.539156929496035
37,25,FALSE,25,9,5,12,0,0,0,0.0191199542801635,0.449104812640111
38,86,FALSE,55,4,8,17,0,0,0,0.0218545194501943,0.614605921149722
39,131,FALSE,50,13,3,9,0,0,0,0.0167940588784264,0.625158381513773
40,93,FALSE,44,18,9,5,0,0,0,0.0239794098719859,0.437414911298664
41,98,TRUE,27,16,19,2,7,18,20,0.138192586971169,0.926634474387654
42,150,FALSE,63,6,11,19,0,0,1,0.028551040411792,0.580847022364154
43,47,FALSE,93,20,17,6,0,0,0,0.0353719617366976,0.400609382434018
44,77,FALSE,74,4,8,17,0,0,0,0.0218545194501943,0.461237168481959
45,71,FALSE,4,14,10,7,0,0,2,0.0348838356507186,0.640664336403598
46,25,FALSE,25,9,5,12,0,0,0,0.0191199542801635,0.652316316618669
47,38,FALSE,36,9,5,12,0,0,0,0.0191199542801635,0.628106177527279
48,104,FALSE,20,3,1,18,2,2,2,0.0255921650959269,0.613324414512855
49,88,FALSE,38,7,12,11,0,0,0,0.0310454292922893,0.497323950799722
50,144,FALSE,69,4,8,17,0,0,0,0.0218545194501943,0.562627516543327
51,194,FALSE,73,3,1,18,0,0,2,0.0255921650959269,0.479573664081598
52,86,FALSE,55,4,8,17,0,0,0,0.0218545194501943,0.441936341961936
53,193,FALSE,24,6,11,19,0,0,1,0.028551040411792,0.566448109369531
54,78,FALSE,82,5,6,13,0,0,0,0.0202796290134346,0.533512101885086
55,198,FALSE,35,10,14,14,0,3,8,0.0747137044022689,0.434009977288431
56,29,FALSE,24,6,11,19,0,0,1,0.028551040411792,0.325360902203912
57,136,FALSE,26,19,15,4,0,0,0,0.0343583241994719,0.544574298988216
58,109,FALSE,34,18,9,5,0,0,0,0.0239794098719859,0.659763891192804
59,34,FALSE,59,4,8,17,0,0,0,0.0218545194501943,0.427369918609847
60,92,FALSE,67,6,11,19,0,0,1,0.028551040411792,0.350909969947225
61,72,FALSE,79,6,11,19,0,1,1,0.028551040411792,0.691365641266499
62,104,FALSE,20,3,1,18,2,2,2,0.0255921650959269,0.665827407913762
63,22,FALSE,6,2,2,10,0,0,0,0.0160445692346759,0.486654749286989
64,59,FALSE,47,19,15,4,0,0,0,0.0343583241994719,0.335813300901778
65,75,FALSE,61,10,14,14,0,0,8,0.0747137044022689,0.571202301841753
66,2,FALSE,63,6,11,19,0,0,1,0.028551040411792,0.44832013750815
67,144,FALSE,69,4,8,17,0,0,0,0.0218545194501943,0.545326292472126
68,95,FALSE,87,3,1,18,0,0,2,0.0255921650959269,0.47332817079805
69,62,FALSE,85,18,9,5,0,0,0,0.0239794098719859,0.51923137875794
70,13,FALSE,87,3,1,18,0,0,2,0.0255921650959269,0.629705797654964
71,31,FALSE,37,6,11,19,0,0,1,0.028551040411792,0.381191464296118
72,18,FALSE,93,20,17,6,0,0,0,0.0353719617366976,0.412193633511245
73,47,FALSE,93,20,17,6,0,0,0,0.0353719617366976,0.445666060162325
74,176,FALSE,35,10,14,14,0,3,8,0.0747137044022689,0.42021669291095
75,36,FALSE,97,12,4,3,0,0,0,0.0161973162326656,0.563008672298024
76,155,FALSE,22,11,13,1,0,0,0,0.0270615400067121,0.460418590876805
77,189,FALSE,83,1,20,8,0,0,0,0.0299265776259459,0.54828885061859
78,15,FALSE,72,17,16,16,1,6,6,0.0638967201547981,0.65002038834315
79,200,FALSE,88,16,19,2,0,0,20,0.138192586971169,0.785714189826664
80,25,FALSE,25,9,5,12,0,0,0,0.0191199542801635,0.472292570010992
81,48,FALSE,39,19,15,4,0,0,0,0.0343583241994719,0.595137986546862
82,52,TRUE,72,17,16,16,5,6,6,0.0638967201547981,0.824507662269334
83,151,FALSE,82,5,6,13,0,0,0,0.0202796290134346,0.709122156429396
84,49,FALSE,42,7,12,11,0,0,0,0.0310454292922893,0.683883950965914
85,79,FALSE,13,8,7,15,0,0,0,0.0212911925569231,0.296294234810387
86,6,TRUE,27,16,19,2,8,18,20,0.138192586971169,0.963850042712793
87,82,FALSE,5,15,18,20,0,0,0,0.0226035222520718,0.525835988670995
88,66,FALSE,46,16,19,2,0,0,20,0.138192586971169,0.580545833686955
89,62,FALSE,85,18,9,5,0,0,0,0.0239794098719859,0.51381995618834
90,150,FALSE,63,6,11,19,0,0,1,0.028551040411792,0.586643792420819
91,29,FALSE,24,6,11,19,0,0,1,0.028551040411792,0.378772824805106
92,109,FALSE,34,18,9,5,0,0,0,0.0239794098719859,0.414327312791383
93,103,FALSE,20,3,1,18,0,2,2,0.0255921650959269,0.594936641230718
94,73,FALSE,100,20,17,6,0,0,0,0.0353719617366976,0.494916291736336
95,140,FALSE,59,4,8,17,0,0,0,0.0218545194501943,0.392609680834824
96,74,FALSE,87,3,1,18,0,0,2,0.0255921650959269,0.447127144111307
97,76,FALSE,11,8,7,15,0,0,0,0.0212911925569231,0.361955172885213
98,132,FALSE,12,9,5,12,0,0,0,0.0191199542801635,0.450327638766698
99,125,FALSE,93,20,17,6,0,0,0,0.0353719617366976,0.53778863399444
100,141,FALSE,17,4,8,17,0,0,0,0.0218545194501943,0.526283845500237
101,46,FALSE,43,17,16,16,0,0,6,0.0638967201547981,0.695735926138446
102,83,FALSE,70,13,3,9,0,0,0,0.0167940588784264,0.658530176428364
103,16,FALSE,21,3,1,18,0,0,2,0.0255921650959269,0.34092355740543
104,44,FALSE,57,14,10,7,0,0,2,0.0348838356507186,0.542017921007268
105,26,FALSE,35,10,14,14,3,3,8,0.0747137044022689,0.727355843899909
106,77,FALSE,74,4,8,17,0,0,0,0.0218545194501943,0.565109112936723
107,147,FALSE,34,18,9,5,0,0,0,0.0239794098719859,0.454880456027086
108,61,FALSE,7,12,4,3,0,0,0,0.0161973162326656,0.481439924543483
109,144,FALSE,69,4,8,17,0,0,0,0.0218545194501943,0.54096409721344
110,104,FALSE,20,3,1,18,2,2,2,0.0255921650959269,0.663116462288319
111,190,FALSE,37,6,11,19,0,0,1,0.028551040411792,0.484473123195099
112,24,FALSE,60,1,20,8,0,0,0,0.0299265776259459,0.492922756128386
113,127,FALSE,53,15,18,20,0,0,0,0.0226035222520718,0.356638227349806
114,198,FALSE,35,10,14,14,0,3,8,0.0747137044022689,0.769281349438532
115,22,FALSE,6,2,2,10,0,0,0,0.0160445692346759,0.394330326583963
116,121,FALSE,83,1,20,8,0,0,0,0.0299265776259459,0.341157385761787
117,93,FALSE,44,18,9,5,0,0,0,0.0239794098719859,0.426511214942361
118,39,FALSE,52,14,10,7,0,0,2,0.0348838356507186,0.551957888082081
119,197,FALSE,29,18,9,5,0,0,0,0.0239794098719859,0.488148242907091
120,4,FALSE,79,6,11,19,1,1,1,0.028551040411792,0.710945824337214
121,6,TRUE,27,16,19,2,8,18,20,0.138192586971169,0.932988868013067
122,162,FALSE,6,2,2,10,0,0,0,0.0160445692346759,0.391665254153469
123,123,FALSE,39,19,15,4,0,0,0,0.0343583241994719,0.353128515083738
124,97,FALSE,51,1,20,8,0,0,0,0.0299265776259459,0.283437494643834
125,15,FALSE,72,17,16,16,1,6,6,0.0638967201547981,0.649085868772223
126,100,FALSE,55,4,8,17,0,0,0,0.0218545194501943,0.509960634502468
127,194,FALSE,73,3,1,18,0,0,2,0.0255921650959269,0.410871136934969
128,75,FALSE,61,10,14,14,0,0,8,0.0747137044022689,0.600911638203756
129,69,FALSE,26,19,15,4,0,0,0,0.0343583241994719,0.405413264907986
130,135,FALSE,98,18,9,5,0,0,0,0.0239794098719859,0.508938617271792
131,27,FALSE,53,15,18,20,0,0,0,0.0226035222520718,0.396629165639127
132,190,FALSE,37,6,11,19,0,0,1,0.028551040411792,0.718126754305322
133,101,FALSE,46,16,19,2,0,0,20,0.138192586971169,0.67823355954042
134,73,FALSE,100,20,17,6,0,0,0,0.0353719617366976,0.686654069682413
135,77,FALSE,74,4,8,17,0,0,0,0.0218545194501943,0.36553116004943
136,136,FALSE,26,19,15,4,0,0,0,0.0343583241994719,0.368324656862986
137,131,FALSE,50,13,3,9,0,0,0,0.0167940588784264,0.563418850408237
138,97,FALSE,51,1,20,8,0,0,0,0.0299265776259459,0.539445119498481
139,2,FALSE,63,6,11,19,0,0,1,0.028551040411792,0.65037019760528
140,155,FALSE,22,11,13,1,0,0,0,0.0270615400067121,0.540893991581443
141,19,FALSE,40,14,10,7,0,0,2,0.0348838356507186,0.515145750567512
142,200,FALSE,88,16,19,2,0,0,20,0.138192586971169,0.795016349704763
143,9,FALSE,28,12,4,3,0,0,0,0.0161973162326656,0.51445458248774
144,149,FALSE,14,1,20,8,0,0,0,0.0299265776259459,0.420949965772183
145,132,FALSE,12,9,5,12,0,0,0,0.0191199542801635,0.651616299325562
146,6,TRUE,27,16,19,2,8,18,20,0.138192586971169,0.865013636017246
147,136,FALSE,26,19,15,4,0,0,0,0.0343583241994719,0.613767900926287
148,15,FALSE,72,17,16,16,1,6,6,0.0638967201547981,0.560673036791387
149,16,FALSE,21,3,1,18,0,0,2,0.0255921650959269,0.60349375583101
150,172,FALSE,5,15,18,20,0,0,0,0.0226035222520718,0.411410440858817
151,100,FALSE,55,4,8,17,0,0,0,0.0218545194501943,0.317493980566181
152,18,FALSE,93,20,17,6,0,0,0,0.0353719617366976,0.625412229710037
153,3,FALSE,41,10,14,14,0,0,8,0.0747137044022689,0.589972592384724
154,40,FALSE,54,10,14,14,0,0,8,0.0747137044022689,0.633625538351594
155,138,FALSE,98,18,9,5,0,0,0,0.0239794098719859,0.467565816191797
156,61,FALSE,7,12,4,3,0,0,0,0.0161973162326656,0.296094380720092
157,170,FALSE,75,8,7,15,0,0,0,0.0212911925569231,0.734939560804785
158,18,FALSE,93,20,17,6,0,0,0,0.0353719617366976,0.55009289833728
159,68,FALSE,5,15,18,20,0,0,0,0.0226035222520718,0.633212426103689
160,77,FALSE,74,4,8,17,0,0,0,0.0218545194501943,0.441092377010023
161,66,FALSE,46,16,19,2,0,0,20,0.138192586971169,0.784885000879029
162,18,FALSE,93,20,17,6,0,0,0,0.0353719617366976,0.441387900352152
163,140,FALSE,59,4,8,17,0,0,0,0.0218545194501943,0.329172583053125
164,142,FALSE,10,15,18,20,0,0,0,0.0226035222520718,0.647942588940181
165,119,FALSE,7,12,4,3,0,0,0,0.0161973162326656,0.47983742750269
166,177,FALSE,63,6,11,19,0,0,1,0.028551040411792,0.621994060919325
167,185,FALSE,54,10,14,14,0,0,8,0.0747137044022689,0.516599494651966
168,99,FALSE,39,19,15,4,0,0,0,0.0343583241994719,0.587189412094799
169,169,FALSE,91,10,14,14,0,5,8,0.0747137044022689,0.585389407264405
170,14,FALSE,10,15,18,20,0,0,0,0.0226035222520718,0.62430261633996
171,198,FALSE,35,10,14,14,0,3,8,0.0747137044022689,0.559043597159064
172,83,FALSE,70,13,3,9,0,0,0,0.0167940588784264,0.395216442759385
173,21,FALSE,87,3,1,18,0,0,2,0.0255921650959269,0.506301550234357
174,14,FALSE,10,15,18,20,0,0,0,0.0226035222520718,0.475283926362765
175,136,FALSE,26,19,15,4,0,0,0,0.0343583241994719,0.517718807285895
176,117,FALSE,56,13,3,9,0,0,0,0.0167940588784264,0.348605850648482
177,141,FALSE,17,4,8,17,0,0,0,0.0218545194501943,0.497007698005051
178,63,FALSE,39,19,15,4,0,0,0,0.0343583241994719,0.57636687673449
179,77,FALSE,74,4,8,17,0,0,0,0.0218545194501943,0.498202157792147
180,133,FALSE,30,15,18,20,0,0,0,0.0226035222520718,0.690279881450952
181,3,FALSE,41,10,14,14,0,0,8,0.0747137044022689,0.643192154503256
182,200,FALSE,88,16,19,2,0,0,20,0.138192586971169,0.65780291654936
183,61,FALSE,7,12,4,3,0,0,0,0.0161973162326656,0.586803688413811
184,30,FALSE,13,8,7,15,0,0,0,0.0212911925569231,0.482685311025477
185,66,FALSE,46,16,19,2,0,0,20,0.138192586971169,0.382788767545909
186,15,TRUE,72,17,16,16,1,6,6,0.0638967201547981,0.820908830424231
187,189,FALSE,83,1,20,8,0,0,0,0.0299265776259459,0.628909764712676
188,28,FALSE,80,18,9,5,0,0,0,0.0239794098719859,0.425625408714653
189,99,FALSE,39,19,15,4,0,0,0,0.0343583241994719,0.510638162771904
190,60,FALSE,6,2,2,10,0,0,0,0.0160445692346759,0.617456420958566
191,61,FALSE,7,12,4,3,0,0,0,0.0161973162326656,0.617775640907342
192,89,FALSE,35,10,14,14,0,3,8,0.0747137044022689,0.586243660461698
193,61,FALSE,7,12,4,3,0,0,0,0.0161973162326656,0.516279485095128
194,25,FALSE,25,9,5,12,0,0,0,0.0191199542801635,0.540870119132219
195,90,FALSE,25,9,5,12,0,0,0,0.0191199542801635,0.386181469814998
196,192,FALSE,91,10,14,14,0,5,8,0.0747137044022689,0.762009313820266
197,51,FALSE,1,1,20,8,0,0,0,0.0299265776259459,0.439172840112889
198,144,FALSE,69,4,8,17,0,0,0,0.0218545194501943,0.659575051523132
199,144,FALSE,69,4,8,17,0,0,0,0.0218545194501943,0.402875771851304
200,66,FALSE,46,16,19,2,0,0,20,0.138192586971169,0.425015188479857
201,152,FALSE,88,16,19,2,0,0,20,0.138192586971169,0.565279417129296
202,178,FALSE,43,17,16,16,0,0,6,0.0638967201547981,0.555404089242579
203,85,TRUE,18,14,10,7,1,2,2,0.0348838356507186,0.913262151153554
204,131,FALSE,50,13,3,9,0,0,0,0.0167940588784264,0.451558694218089
205,134,FALSE,57,14,10,7,0,0,2,0.0348838356507186,0.441293145963218
206,52,TRUE,72,17,16,16,5,6,6,0.0638967201547981,0.59402127692018
207,143,FALSE,89,2,2,10,0,0,0,0.0160445692346759,0.40612555909829
208,54,FALSE,2,13,3,9,0,0,0,0.0167940588784264,0.517617356136549
209,40,FALSE,54,10,14,14,0,0,8,0.0747137044022689,0.648955851688617
210,188,FALSE,26,19,15,4,0,0,0,0.0343583241994719,0.414996761899545
211,131,FALSE,50,13,3,9,0,0,0,0.0167940588784264,0.713617000622185
212,39,FALSE,52,14,10,7,0,0,2,0.0348838356507186,0.515852901302867
213,155,FALSE,22,11,13,1,0,0,0,0.0270615400067121,0.505686189347416
214,89,FALSE,35,10,14,14,0,3,8,0.0747137044022689,0.740342614939282
215,193,FALSE,24,6,11,19,0,0,1,0.028551040411792,0.358276676396461
216,22,FALSE,6,2,2,10,0,0,0,0.0160445692346759,0.755818840863917
217,136,FALSE,26,19,15,4,0,0,0,0.0343583241994719,0.480758611615171
218,9,FALSE,28,12,4,3,0,0,0,0.0161973162326656,0.46281122129859
219,66,FALSE,46,16,19,2,0,0,20,0.138192586971169,0.547650165428431
220,42,FALSE,28,12,4,3,0,0,0,0.0161973162326656,0.606593610404559
221,72,FALSE,79,6,11,19,0,1,1,0.028551040411792,0.622644305436187
222,91,FALSE,91,10,14,14,2,5,8,0.0747137044022689,0.552590665076955
223,70,FALSE,26,19,15,4,0,0,0,0.0343583241994719,0.362540317296848
224,143,FALSE,89,2,2,10,0,0,0,0.0160445692346759,0.584329386681479
225,102,FALSE,18,14,10,7,1,2,2,0.0348838356507186,0.691972067192861
226,36,FALSE,97,12,4,3,0,0,0,0.0161973162326656,0.399145752568802
227,70,FALSE,26,19,15,4,0,0,0,0.0343583241994719,0.658564167642701
228,55,FALSE,34,18,9,5,0,0,0,0.0239794098719859,0.588017567488675
229,163,FALSE,58,12,4,3,0,0,0,0.0161973162326656,0.67565506915138
230,41,FALSE,33,7,12,11,0,0,0,0.0310454292922893,0.557301236652933
231,156,FALSE,100,20,17,6,0,0,0,0.0353719617366976,0.545145461209892
232,3,FALSE,41,10,14,14,0,0,8,0.0747137044022689,0.47604958075976
233,114,FALSE,22,11,13,1,0,0,0,0.0270615400067121,0.489031867757738
234,162,FALSE,6,2,2,10,0,0,0,0.0160445692346759,0.558444378743467
235,193,FALSE,24,6,11,19,0,0,1,0.028551040411792,0.43805048516849
236,48,FALSE,39,19,15,4,0,0,0,0.0343583241994719,0.542162345792968
237,20,FALSE,69,4,8,17,0,0,0,0.0218545194501943,0.532397822970942
238,68,FALSE,5,15,18,20,0,0,0,0.0226035222520718,0.312272448328033
239,183,FALSE,66,12,4,3,0,0,0,0.0161973162326656,0.566136196507985
240,3,FALSE,41,10,14,14,0,0,8,0.0747137044022689,0.554130016934983
241,177,FALSE,63,6,11,19,0,0,1,0.028551040411792,0.585913819037877
242,195,FALSE,1,1,20,8,0,0,0,0.0299265776259459,0.35916589307067
243,21,FALSE,87,3,1,18,0,0,2,0.0255921650959269,0.454209562096408
244,112,FALSE,36,9,5,12,0,0,0,0.0191199542801635,0.558934722925908
245,12,FALSE,90,3,1,18,0,0,2,0.0255921650959269,0.489293241194212
246,123,FALSE,39,19,15,4,0,0,0,0.0343583241994719,0.688809646318866
247,8,FALSE,23,14,10,7,0,0,2,0.0348838356507186,0.713699342061185
248,130,FALSE,85,18,9,5,0,0,0,0.0239794098719859,0.496397378060929
249,170,FALSE,75,8,7,15,0,0,0,0.0212911925569231,0.27939363537177
250,73,FALSE,100,20,17,6,0,0,0,0.0353719617366976,0.43560281828849
251,114,FALSE,22,11,13,1,0,0,0,0.0270615400067121,0.516110962603509
252,21,FALSE,87,3,1,18,0,0,2,0.0255921650959269,0.380711450559686
253,11,FALSE,96,12,4,3,0,0,0,0.0161973162326656,0.488462422038417
254,10,FALSE,21,3,1,18,0,0,2,0.0255921650959269,0.46616570882909
255,81,FALSE,91,10,14,14,0,5,8,0.0747137044022689,0.719888437143984
256,19,FALSE,40,14,10,7,0,0,2,0.0348838356507186,0.753118275667799
257,62,FALSE,85,18,9,5,0,0,0,0.0239794098719859,0.402296864954177
258,119,FALSE,7,12,4,3,0,0,0,0.0161973162326656,0.54402354930789
259,98,TRUE,27,16,19,2,7,18,20,0.138192586971169,0.915735013080262
260,151,FALSE,82,5,6,13,0,0,0,0.0202796290134346,0.487086251733218
261,81,FALSE,91,10,14,14,0,5,8,0.0747137044022689,0.599368008756478
262,141,FALSE,17,4,8,17,0,0,0,0.0218545194501943,0.547189051911569
263,70,FALSE,26,19,15,4,0,0,0,0.0343583241994719,0.641801257346081
264,72,FALSE,79,6,11,19,0,1,1,0.028551040411792,0.395317849124356
265,196,FALSE,77,8,7,15,0,0,0,0.0212911925569231,0.756933215581227
266,56,FALSE,4,14,10,7,0,0,2,0.0348838356507186,0.438192793502691
267,161,FALSE,5,15,18,20,0,0,0,0.0226035222520718,0.378508941619655
268,38,FALSE,36,9,5,12,0,0,0,0.0191199542801635,0.592735908329384
269,190,FALSE,37,6,11,19,0,0,1,0.028551040411792,0.559845330228011
270,78,FALSE,82,5,6,13,0,0,0,0.0202796290134346,0.668245973021101
271,70,FALSE,26,19,15,4,0,0,0,0.0343583241994719,0.567023743593013
272,31,FALSE,37,6,11,19,0,0,1,0.028551040411792,0.665522430392632
273,2,FALSE,63,6,11,19,0,0,1,0.028551040411792,0.518577615116673
274,118,FALSE,90,3,1,18,0,0,2,0.0255921650959269,0.559595850654595
275,145,FALSE,68,16,19,2,2,2,20,0.138192586971169,0.618792996121495
276,200,FALSE,88,16,19,2,0,0,20,0.138192586971169,0.746568375735352
277,46,FALSE,43,17,16,16,0,0,6,0.0638967201547981,0.493942232592797
278,87,FALSE,46,16,19,2,0,0,20,0.138192586971169,0.672332739178649
279,192,FALSE,91,10,14,14,0,5,8,0.0747137044022689,0.723380297953235
280,145,TRUE,68,16,19,2,2,2,20,0.138192586971169,0.834393301726068
281,1,FALSE,98,18,9,5,0,0,0,0.0239794098719859,0.419801184205035
282,37,FALSE,90,3,1,18,0,0,2,0.0255921650959269,0.457155264519813
283,135,FALSE,98,18,9,5,0,0,0,0.0239794098719859,0.523474379258387
284,24,FALSE,60,1,20,8,0,0,0,0.0299265776259459,0.641064532993873
285,183,FALSE,66,12,4,3,0,0,0,0.0161973162326656,0.708069051836849
286,71,FALSE,4,14,10,7,0,0,2,0.0348838356507186,0.5412785848858
287,140,FALSE,59,4,8,17,0,0,0,0.0218545194501943,0.56819609522864
288,200,FALSE,88,16,19,2,0,0,20,0.138192586971169,0.701273469918277
289,18,FALSE,93,20,17,6,0,0,0,0.0353719617366976,0.586248920299117
290,142,FALSE,10,15,18,20,0,0,0,0.0226035222520718,0.363272403495986
291,92,FALSE,67,6,11,19,0,0,1,0.028551040411792,0.514914450304028
292,182,FALSE,91,10,14,14,0,5,8,0.0747137044022689,0.3684957952483
293,116,FALSE,61,10,14,14,0,0,8,0.0747137044022689,0.416140480089743
294,138,FALSE,98,18,9,5,0,0,0,0.0239794098719859,0.424422980185084
295,196,FALSE,77,8,7,15,0,0,0,0.0212911925569231,0.524391987150184
296,105,FALSE,31,7,12,11,0,0,0,0.0310454292922893,0.531050627092854
297,108,FALSE,76,9,5,12,0,0,0,0.0191199542801635,0.307394700692959
298,93,FALSE,44,18,9,5,0,0,0,0.0239794098719859,0.449369316674921
299,87,FALSE,46,16,19,2,0,0,20,0.138192586971169,0.572845978482832
300,35,FALSE,71,12,4,3,0,0,0,0.0161973162326656,0.392443710750247
301,66,FALSE,46,16,19,2,0,0,20,0.138192586971169,0.582541471694408
302,121,FALSE,83,1,20,8,0,0,0,0.0299265776259459,0.5610608434895
303,109,FALSE,34,18,9,5,0,0,0,0.0239794098719859,0.42500155820265
304,183,FALSE,66,12,4,3,0,0,0,0.0161973162326656,0.455518577905909
305,107,FALSE,9,19,15,4,0,0,0,0.0343583241994719,0.442039512825187
306,106,FALSE,40,14,10,7,0,0,2,0.0348838356507186,0.745004096572401
307,188,FALSE,26,19,15,4,0,0,0,0.0343583241994719,0.286752699283315
308,121,FALSE,83,1,20,8,0,0,0,0.0299265776259459,0.756930485442845
309,135,FALSE,98,18,9,5,0,0,0,0.0239794098719859,0.485858434599751
310,81,FALSE,91,10,14,14,0,5,8,0.0747137044022689,0.53774718245226
311,56,FALSE,4,14,10,7,0,0,2,0.0348838356507186,0.368374776267959
312,99,FALSE,39,19,15,4,0,0,0,0.0343583241994719,0.548905570261036
313,57,FALSE,98,18,9,5,0,0,0,0.0239794098719859,0.445011495340261
314,161,FALSE,5,15,18,20,0,0,0,0.0226035222520718,0.721651603981562
315,181,FALSE,82,5,6,13,0,0,0,0.0202796290134346,0.371732889605401
316,145,FALSE,68,16,19,2,2,2,20,0.138192586971169,0.797700413928163
317,20,FALSE,69,4,8,17,0,0,0,0.0218545194501943,0.537892654896498
318,177,FALSE,63,6,11,19,0,0,1,0.028551040411792,0.646589433361134
319,81,FALSE,91,10,14,14,0,5,8,0.0747137044022689,0.70951223786605
320,170,FALSE,75,8,7,15,0,0,0,0.0212911925569231,0.519029709936711
321,143,FALSE,89,2,2,10,0,0,0,0.0160445692346759,0.447283531839919
322,162,FALSE,6,2,2,10,0,0,0,0.0160445692346759,0.622475650417712
323,121,FALSE,83,1,20,8,0,0,0,0.0299265776259459,0.714526270122662
324,152,FALSE,88,16,19,2,0,0,20,0.138192586971169,0.614735134855895
325,3,FALSE,41,10,14,14,0,0,8,0.0747137044022689,0.426611288051741
326,138,FALSE,98,18,9,5,0,0,0,0.0239794098719859,0.440938805552421
327,143,FALSE,89,2,2,10,0,0,0,0.0160445692346759,0.442807457760183
328,174,FALSE,88,16,19,2,0,0,20,0.138192586971169,0.540157062512665
329,74,FALSE,87,3,1,18,0,0,2,0.0255921650959269,0.477980602610502
330,28,FALSE,80,18,9,5,0,0,0,0.0239794098719859,0.650801613243981
331,82,FALSE,5,15,18,20,0,0,0,0.0226035222520718,0.47609768687773
332,66,FALSE,46,16,19,2,0,0,20,0.138192586971169,0.619947424384174
333,189,FALSE,83,1,20,8,0,0,0,0.0299265776259459,0.485492945131288
334,98,TRUE,27,16,19,2,7,18,20,0.138192586971169,0.866132128773728
335,94,FALSE,60,1,20,8,0,0,0,0.0299265776259459,0.547822652561012
336,196,FALSE,77,8,7,15,0,0,0,0.0212911925569231,0.640045852781869
337,53,FALSE,20,3,1,18,0,2,2,0.0255921650959269,0.506535243227237
338,52,TRUE,72,17,16,16,5,6,6,0.0638967201547981,0.864542597072526
339,91,FALSE,91,10,14,14,2,5,8,0.0747137044022689,0.593758612085323
340,136,FALSE,26,19,15,4,0,0,0,0.0343583241994719,0.57788532705282
341,11,FALSE,96,12,4,3,0,0,0,0.0161973162326656,0.594831777232265
342,102,FALSE,18,14,10,7,1,2,2,0.0348838356507186,0.739312678743405
343,86,FALSE,55,4,8,17,0,0,0,0.0218545194501943,0.54306278515997
344,83,FALSE,70,13,3,9,0,0,0,0.0167940588784264,0.484698788905717
345,45,FALSE,7,12,4,3,0,0,0,0.0161973162326656,0.438729437477651
346,182,FALSE,91,10,14,14,0,5,8,0.0747137044022689,0.524400348868295
347,5,FALSE,19,12,4,3,0,0,0,0.0161973162326656,0.539909628680335
348,94,FALSE,60,1,20,8,0,0,0,0.0299265776259459,0.511050252103502
349,53,FALSE,20,3,1,18,0,2,2,0.0255921650959269,0.401882271306422
350,1,FALSE,98,18,9,5,0,0,0,0.0239794098719859,0.478923177264121
351,54,FALSE,2,13,3,9,0,0,0,0.0167940588784264,0.518830760426304
352,68,FALSE,5,15,18,20,0,0,0,0.0226035222520718,0.499807506830456
353,68,FALSE,5,15,18,20,0,0,0,0.0226035222520718,0.557144181742132
354,10,FALSE,21,3,1,18,0,0,2,0.0255921650959269,0.527395581588867
355,156,FALSE,100,20,17,6,0,0,0,0.0353719617366976,0.343431992651173
356,108,FALSE,76,9,5,12,0,0,0,0.0191199542801635,0.602048331022893
357,119,FALSE,7,12,4,3,0,0,0,0.0161973162326656,0.526690478597683
358,45,FALSE,7,12,4,3,0,0,0,0.0161973162326656,0.506856037602994
359,121,FALSE,83,1,20,8,0,0,0,0.0299265776259459,0.561931593651892
360,74,FALSE,87,3,1,18,0,0,2,0.0255921650959269,0.451130229529492
361,97,FALSE,51,1,20,8,0,0,0,0.0299265776259459,0.50896143957371
362,195,FALSE,1,1,20,8,0,0,0,0.0299265776259459,0.507005125114293
363,131,FALSE,50,13,3,9,0,0,0,0.0167940588784264,0.369586039532433
364,97,FALSE,51,1,20,8,0,0,0,0.0299265776259459,0.57993800001181
365,153,FALSE,15,7,12,11,0,0,0,0.0310454292922893,0.673656680358082
366,197,FALSE,29,18,9,5,0,0,0,0.0239794098719859,0.468472215017515
367,196,FALSE,77,8,7,15,0,0,0,0.0212911925569231,0.557831036828267
368,103,FALSE,20,3,1,18,0,2,2,0.0255921650959269,0.498876642235752
369,125,FALSE,93,20,17,6,0,0,0,0.0353719617366976,0.423959878167089
370,143,FALSE,89,2,2,10,0,0,0,0.0160445692346759,0.358669872387218
371,121,FALSE,83,1,20,8,0,0,0,0.0299265776259459,0.595645608233445
372,55,FALSE,34,18,9,5,0,0,0,0.0239794098719859,0.287816455211913
373,95,FALSE,87,3,1,18,0,0,2,0.0255921650959269,0.36543222306601
374,51,FALSE,1,1,20,8,0,0,0,0.0299265776259459,0.501936360319432
375,16,FALSE,21,3,1,18,0,0,2,0.0255921650959269,0.453343284694068
376,189,FALSE,83,1,20,8,0,0,0,0.0299265776259459,0.312600297564924
377,119,FALSE,7,12,4,3,0,0,0,0.0161973162326656,0.543208386670379
378,181,FALSE,82,5,6,13,0,0,0,0.0202796290134346,0.349719352337677
379,34,FALSE,59,4,8,17,0,0,0,0.0218545194501943,0.50001577414872
380,18,FALSE,93,20,17,6,0,0,0,0.0353719617366976,0.315566419683611
381,171,FALSE,85,18,9,5,0,0,0,0.0239794098719859,0.48084543400215
382,23,FALSE,38,7,12,11,0,0,0,0.0310454292922893,0.604223036715244
383,27,FALSE,53,15,18,20,0,0,0,0.0226035222520718,0.382017535356105
384,152,FALSE,88,16,19,2,0,0,20,0.138192586971169,0.460725094306576
385,33,FALSE,100,20,17,6,0,0,0,0.0353719617366976,0.668010942976543
386,30,FALSE,13,8,7,15,0,0,0,0.0212911925569231,0.474030645470656
387,162,FALSE,6,2,2,10,0,0,0,0.0160445692346759,0.339614646005026
388,183,FALSE,66,12,4,3,0,0,0,0.0161973162326656,0.504390502554258
389,164,FALSE,49,9,5,12,0,0,0,0.0191199542801635,0.57388317969533
390,133,FALSE,30,15,18,20,0,0,0,0.0226035222520718,0.526860171938615
391,187,FALSE,86,20,17,6,0,0,0,0.0353719617366976,0.43835719676144
392,186,FALSE,51,1,20,8,0,0,0,0.0299265776259459,0.65927868591279
393,113,FALSE,42,7,12,11,0,0,0,0.0310454292922893,0.52354016091398
394,200,FALSE,88,16,19,2,0,0,20,0.138192586971169,0.667267454909092
395,120,FALSE,79,6,11,19,0,1,1,0.028551040411792,0.460518537116512
396,176,FALSE,35,10,14,14,0,3,8,0.0747137044022689,0.709185014051445
397,134,FALSE,57,14,10,7,0,0,2,0.0348838356507186,0.799145905764794
398,62,FALSE,85,18,9,5,0,0,0,0.0239794098719859,0.334150827432474
399,145,FALSE,68,16,19,2,2,2,20,0.138192586971169,0.588275892382932
400,56,FALSE,4,14,10,7,0,0,2,0.0348838356507186,0.427533208429252
401,74,FALSE,87,3,1,18,0,0,2,0.0255921650959269,0.663546339575593
402,49,FALSE,42,7,12,11,0,0,0,0.0310454292922893,0.525951663929485
403,45,FALSE,7,12,4,3,0,0,0,0.0161973162326656,0.404400838778627
404,182,FALSE,91,10,14,14,0,5,8,0.0747137044022689,0.612478863870938
405,103,FALSE,20,3,1,18,0,2,2,0.0255921650959269,0.436482034769346
406,76,FALSE,11,8,7,15,0,0,0,0.0212911925569231,0.513565113706137
407,84,FALSE,36,9,5,12,0,0,0,0.0191199542801635,0.453165036095202
408,175,FALSE,18,14,10,7,0,2,2,0.0348838356507186,0.636558369006117
409,42,FALSE,28,12,4,3,0,0,0,0.0161973162326656,0.617836314745514
410,158,FALSE,83,1,20,8,0,0,0,0.0299265776259459,0.501837839521872
411,182,FALSE,91,10,14,14,0,5,8,0.0747137044022689,0.722090699933222
412,173,FALSE,43,17,16,16,0,0,6,0.0638967201547981,0.737825559316116
413,6,TRUE,27,16,19,2,8,18,20,0.138192586971169,0.937444157710592
414,21,FALSE,87,3,1,18,0,0,2,0.0255921650959269,0.601426946689934
415,90,FALSE,25,9,5,12,0,0,0,0.0191199542801635,0.753909162838198
416,190,FALSE,37,6,11,19,0,0,1,0.028551040411792,0.24203015253356
417,56,FALSE,4,14,10,7,0,0,2,0.0348838356507186,0.382122264693495
418,86,FALSE,55,4,8,17,0,0,0,0.0218545194501943,0.355889353663296
419,54,FALSE,2,13,3,9,0,0,0,0.0167940588784264,0.480938964890577
420,49,FALSE,42,7,12,11,0,0,0,0.0310454292922893,0.453674391288472
421,115,FALSE,100,20,17,6,0,0,0,0.0353719617366976,0.484539991579945
422,54,FALSE,2,13,3,9,0,0,0,0.0167940588784264,0.696463553005535
423,36,FALSE,97,12,4,3,0,0,0,0.0161973162326656,0.495864486783134
424,182,FALSE,91,10,14,14,0,5,8,0.0747137044022689,0.729777731501802
425,186,FALSE,51,1,20,8,0,0,0,0.0299265776259459,0.578136956935373
426,43,FALSE,94,3,1,18,0,0,2,0.0255921650959269,0.508572667052689
427,19,FALSE,40,14,10,7,0,0,2,0.0348838356507186,0.547151153549176
428,65,FALSE,19,12,4,3,0,0,0,0.0161973162326656,0.383907148107805
429,180,FALSE,100,20,17,6,0,0,0,0.0353719617366976,0.641204457717468
430,131,FALSE,50,13,3,9,0,0,0,0.0167940588784264,0.567969892243348
431,156,FALSE,100,20,17,6,0,0,0,0.0353719617366976,0.248148542454522
432,162,FALSE,6,2,2,10,0,0,0,0.0160445692346759,0.627912009746225
433,195,FALSE,1,1,20,8,0,0,0,0.0299265776259459,0.799302646650748
434,89,FALSE,35,10,14,14,0,3,8,0.0747137044022689,0.663723169833215
435,173,FALSE,43,17,16,16,0,0,6,0.0638967201547981,0.447381971286777
436,6,TRUE,27,16,19,2,8,18,20,0.138192586971169,0.929433905375256
437,177,FALSE,63,6,11,19,0,0,1,0.028551040411792,0.612703400303531
438,187,FALSE,86,20,17,6,0,0,0,0.0353719617366976,0.456270209260211
439,195,FALSE,1,1,20,8,0,0,0,0.0299265776259459,0.47584663871623
440,74,FALSE,87,3,1,18,0,0,2,0.0255921650959269,0.44610064082857
441,142,FALSE,10,15,18,20,0,0,0,0.0226035222520718,0.453489442904512
442,18,FALSE,93,20,17,6,0,0,0,0.0353719617366976,0.501965522369088
443,84,FALSE,36,9,5,12,0,0,0,0.0191199542801635,0.228595902317984
444,44,FALSE,57,14,10,7,0,0,2,0.0348838356507186,0.505463583108151
445,143,FALSE,89,2,2,10,0,0,0,0.0160445692346759,0.600589266502944
446,40,FALSE,54,10,14,14,0,0,8,0.0747137044022689,0.58377960644205
447,135,FALSE,98,18,9,5,0,0,0,0.0239794098719859,0.51805167269119
448,17,FALSE,6,2,2,10,0,0,0,0.0160445692346759,0.477590292381902
449,189,FALSE,83,1,20,8,0,0,0,0.0299265776259459,0.77587564469253
450,22,FALSE,6,2,2,10,0,0,0,0.0160445692346759,0.62694515126244
451,50,FALSE,74,4,8,17,0,0,0,0.0218545194501943,0.482555960704454
452,7,FALSE,9,19,15,4,0,0,0,0.0343583241994719,0.342189537906428
453,29,FALSE,24,6,11,19,0,0,1,0.028551040411792,0.55527367643461
454,86,FALSE,55,4,8,17,0,0,0,0.0218545194501943,0.541737973936101
455,185,FALSE,54,10,14,14,0,0,8,0.0747137044022689,0.343189131038803
456,82,FALSE,5,15,18,20,0,0,0,0.0226035222520718,0.383175217835812
457,109,FALSE,34,18,9,5,0,0,0,0.0239794098719859,0.620950430038976
458,103,FALSE,20,3,1,18,0,2,2,0.0255921650959269,0.504789336411081
459,135,FALSE,98,18,9,5,0,0,0,0.0239794098719859,0.309741532377786
460,117,FALSE,56,13,3,9,0,0,0,0.0167940588784264,0.682695451548484
461,134,FALSE,57,14,10,7,0,0,2,0.0348838356507186,0.400307184533457
462,148,FALSE,36,9,5,12,0,0,0,0.0191199542801635,0.485565633933312
463,59,FALSE,47,19,15,4,0,0,0,0.0343583241994719,0.749742193840295
464,87,FALSE,46,16,19,2,0,0,20,0.138192586971169,0.655980469117973
465,134,FALSE,57,14,10,7,0,0,2,0.0348838356507186,0.307687408268122
466,97,FALSE,51,1,20,8,0,0,0,0.0299265776259459,0.475666902480105
467,37,FALSE,90,3,1,18,0,0,2,0.0255921650959269,0.535172852060183
468,174,FALSE,88,16,19,2,0,0,20,0.138192586971169,0.4500397019907
469,102,FALSE,18,14,10,7,1,2,2,0.0348838356507186,0.688339060650293
470,54,FALSE,2,13,3,9,0,0,0,0.0167940588784264,0.726095849655991
471,148,FALSE,36,9,5,12,0,0,0,0.0191199542801635,0.396166437337419
472,187,FALSE,86,20,17,6,0,0,0,0.0353719617366976,0.497197399856398
473,61,FALSE,7,12,4,3,0,0,0,0.0161973162326656,0.409652755024239
474,97,FALSE,51,1,20,8,0,0,0,0.0299265776259459,0.494089182959374
475,86,FALSE,55,4,8,17,0,0,0,0.0218545194501943,0.658498791236369
476,92,FALSE,67,6,11,19,0,0,1,0.028551040411792,0.524615131263149
477,187,FALSE,86,20,17,6,0,0,0,0.0353719617366976,0.677951308360748
478,144,FALSE,69,4,8,17,0,0,0,0.0218545194501943,0.543444431487254
479,65,FALSE,19,12,4,3,0,0,0,0.0161973162326656,0.513177785883108
480,169,FALSE,91,10,14,14,0,5,8,0.0747137044022689,0.673886932352156
481,116,FALSE,61,10,14,14,0,0,8,0.0747137044022689,0.605764651359043
482,182,FALSE,91,10,14,14,0,5,8,0.0747137044022689,0.710304661893916
483,75,FALSE,61,10,14,14,0,0,8,0.0747137044022689,0.598565399670747
484,182,FALSE,91,10,14,14,0,5,8,0.0747137044022689,0.590248324549373
485,19,FALSE,40,14,10,7,0,0,2,0.0348838356507186,0.562328964290001
486,36,FALSE,97,12,4,3,0,0,0,0.0161973162326656,0.661320540061845
487,129,FALSE,95,19,15,4,0,0,0,0.0343583241994719,0.581003504528369
488,159,FALSE,78,1,20,8,0,0,0,0.0299265776259459,0.440030819143449
489,10,FALSE,21,3,1,18,0,0,2,0.0255921650959269,0.691302485612657
490,195,FALSE,1,1,20,8,0,0,0,0.0299265776259459,0.246255565473426
491,110,FALSE,93,20,17,6,0,0,0,0.0353719617366976,0.427640409899844
492,41,FALSE,33,7,12,11,0,0,0,0.0310454292922893,0.700243013436427
493,127,FALSE,53,15,18,20,0,0,0,0.0226035222520718,0.563908844171191
494,108,FALSE,76,9,5,12,0,0,0,0.0191199542801635,0.381276880772205
495,26,TRUE,35,10,14,14,3,3,8,0.0747137044022689,0.878621877458198
496,120,FALSE,79,6,11,19,0,1,1,0.028551040411792,0.565499833985953
497,125,FALSE,93,20,17,6,0,0,0,0.0353719617366976,0.530574564743823
498,149,FALSE,14,1,20,8,0,0,0,0.0299265776259459,0.669147801668544
499,168,FALSE,66,12,4,3,0,0,0,0.0161973162326656,0.642771507980077
500,147,FALSE,34,18,9,5,0,0,0,0.0239794098719859,0.446838704920423
501,162,FALSE,6,2,2,10,0,0,0,0.0160445692346759,0.656795275701393
502,133,FALSE,30,15,18,20,0,0,0,0.0226035222520718,0.32875931347696
503,128,FALSE,83,1,20,8,0,0,0,0.0299265776259459,0.530321853146207
504,16,FALSE,21,3,1,18,0,0,2,0.0255921650959269,0.504925391244084
505,170,FALSE,75,8,7,15,0,0,0,0.0212911925569231,0.51002490637163
506,129,FALSE,95,19,15,4,0,0,0,0.0343583241994719,0.68418922155163
507,67,FALSE,6,2,2,10,0,0,0,0.0160445692346759,0.473050373033728
508,25,FALSE,25,9,5,12,0,0,0,0.0191199542801635,0.404813419196161
509,163,FALSE,58,12,4,3,0,0,0,0.0161973162326656,0.379927721004607
510,71,FALSE,4,14,10,7,0,0,2,0.0348838356507186,0.564440249649111
511,97,FALSE,51,1,20,8,0,0,0,0.0299265776259459,0.552086381052668
512,49,FALSE,42,7,12,11,0,0,0,0.0310454292922893,0.401382337679738
513,198,FALSE,35,10,14,14,0,3,8,0.0747137044022689,0.611550290812145
514,48,FALSE,39,19,15,4,0,0,0,0.0343583241994719,0.545627353637461
515,82,FALSE,5,15,18,20,0,0,0,0.0226035222520718,0.38213539324783
516,56,FALSE,4,14,10,7,0,0,2,0.0348838356507186,0.390986257678123
517,33,FALSE,100,20,17,6,0,0,0,0.0353719617366976,0.315358437246089
518,183,FALSE,66,12,4,3,0,0,0,0.0161973162326656,0.638108811269537
519,128,FALSE,83,1,20,8,0,0,0,0.0299265776259459,0.694507511012209
520,72,FALSE,79,6,11,19,0,1,1,0.028551040411792,0.586546244634227
521,80,FALSE,87,3,1,18,0,0,2,0.0255921650959269,0.409142193758211
522,70,FALSE,26,19,15,4,0,0,0,0.0343583241994719,0.372501517853814
523,135,FALSE,98,18,9,5,0,0,0,0.0239794098719859,0.530108606451316
524,166,FALSE,40,14,10,7,0,0,2,0.0348838356507186,0.708179108544485
525,121,FALSE,83,1,20,8,0,0,0,0.0299265776259459,0.573357016634654
526,59,FALSE,47,19,15,4,0,0,0,0.0343583241994719,0.521962181935864
527,98,TRUE,27,16,19,2,7,18,20,0.138192586971169,0.862751747722552
528,55,FALSE,34,18,9,5,0,0,0,0.0239794098719859,0.749442311145282
529,67,FALSE,6,2,2,10,0,0,0,0.0160445692346759,0.472761103542686
530,29,FALSE,24,6,11,19,0,0,1,0.028551040411792,0.731995319635091
531,141,FALSE,17,4,8,17,0,0,0,0.0218545194501943,0.527664415250343
532,131,FALSE,50,13,3,9,0,0,0,0.0167940588784264,0.567367979358625
533,146,FALSE,32,20,17,6,0,0,0,0.0353719617366976,0.59160031036186
534,121,FALSE,83,1,20,8,0,0,0,0.0299265776259459,0.594418004823569
535,93,FALSE,44,18,9,5,0,0,0,0.0239794098719859,0.600958261104728
536,86,FALSE,55,4,8,17,0,0,0,0.0218545194501943,0.356273087109726
537,194,FALSE,73,3,1,18,0,0,2,0.0255921650959269,0.308507455582746
538,102,FALSE,18,14,10,7,1,2,2,0.0348838356507186,0.646492498553841
539,99,FALSE,39,19,15,4,0,0,0,0.0343583241994719,0.255926076077138
540,22,FALSE,6,2,2,10,0,0,0,0.0160445692346759,0.352048175553142
541,147,FALSE,34,18,9,5,0,0,0,0.0239794098719859,0.254089663394958
542,174,FALSE,88,16,19,2,0,0,20,0.138192586971169,0.493206149282096
543,81,FALSE,91,10,14,14,0,5,8,0.0747137044022689,0.654309408333762
544,19,FALSE,40,14,10,7,0,0,2,0.0348838356507186,0.626702810593208
545,58,FALSE,73,3,1,18,0,0,2,0.0255921650959269,0.470548595876154
546,183,FALSE,66,12,4,3,0,0,0,0.0161973162326656,0.68075654261805
547,115,FALSE,100,20,17,6,0,0,0,0.0353719617366976,0.528411398154794
548,68,FALSE,5,15,18,20,0,0,0,0.0226035222520718,0.435654985656485
549,67,FALSE,6,2,2,10,0,0,0,0.0160445692346759,0.454039782088786
550,85,FALSE,18,14,10,7,1,2,2,0.0348838356507186,0.387861898463183
551,187,FALSE,86,20,17,6,0,0,0,0.0353719617366976,0.375966779862227
552,199,FALSE,91,10,14,14,3,5,8,0.0747137044022689,0.767754486377705
553,194,FALSE,73,3,1,18,0,0,2,0.0255921650959269,0.363775462423387
554,103,FALSE,20,3,1,18,0,2,2,0.0255921650959269,0.728360231465446
555,7,FALSE,9,19,15,4,0,0,0,0.0343583241994719,0.533798061034954
556,45,FALSE,7,12,4,3,0,0,0,0.0161973162326656,0.292217654858234
557,17,FALSE,6,2,2,10,0,0,0,0.0160445692346759,0.373237207725334
558,154,FALSE,17,4,8,17,0,0,0,0.0218545194501943,0.684967771654754
559,168,FALSE,66,12,4,3,0,0,0,0.0161973162326656,0.54507146296274
560,175,FALSE,18,14,10,7,0,2,2,0.0348838356507186,0.584042687018411
561,64,FALSE,54,10,14,14,0,0,8,0.0747137044022689,0.667890236296866
562,101,FALSE,46,16,19,2,0,0,20,0.138192586971169,0.770648362795415
563,21,FALSE,87,3,1,18,0,0,2,0.0255921650959269,0.580176784231316
564,13,FALSE,87,3,1,18,0,0,2,0.0255921650959269,0.568555610764681
565,171,FALSE,85,18,9,5,0,0,0,0.0239794098719859,0.53383166113682
566,36,FALSE,97,12,4,3,0,0,0,0.0161973162326656,0.574094734459403
567,85,FALSE,18,14,10,7,1,2,2,0.0348838356507186,0.675041192046678
568,110,FALSE,93,20,17,6,0,0,0,0.0353719617366976,0.431828081078114
569,6,TRUE,27,16,19,2,8,18,20,0.138192586971169,0.923380144111835
570,166,FALSE,40,14,10,7,0,0,2,0.0348838356507186,0.656109037638158
571,156,FALSE,100,20,17,6,0,0,0,0.0353719617366976,0.623600891849157
572,181,FALSE,82,5,6,13,0,0,0,0.0202796290134346,0.566614668182829
573,28,FALSE,80,18,9,5,0,0,0,0.0239794098719859,0.652295499820269
574,177,FALSE,63,6,11,19,0,0,1,0.028551040411792,0.562410793444147
575,50,FALSE,74,4,8,17,0,0,0,0.0218545194501943,0.465225288546556
576,143,FALSE,89,2,2,10,0,0,0,0.0160445692346759,0.404789100534341
577,134,FALSE,57,14,10,7,0,0,2,0.0348838356507186,0.567172269980071
578,163,FALSE,58,12,4,3,0,0,0,0.0161973162326656,0.429013889237979
579,151,FALSE,82,5,6,13,0,0,0,0.0202796290134346,0.460788147999079
580,64,FALSE,54,10,14,14,0,0,8,0.0747137044022689,0.405171725148591
581,41,FALSE,33,7,12,11,0,0,0,0.0310454292922893,0.493426626074506
582,93,FALSE,44,18,9,5,0,0,0,0.0239794098719859,0.566454290765276
583,32,FALSE,93,20,17,6,0,0,0,0.0353719617366976,0.454268845042094
584,137,FALSE,9,19,15,4,0,0,0,0.0343583241994719,0.57125231741028
585,10,FALSE,21,3,1,18,0,0,2,0.0255921650959269,0.493134078567841
586,95,FALSE,87,3,1,18,0,0,2,0.0255921650959269,0.501062193185347
587,48,FALSE,39,19,15,4,0,0,0,0.0343583241994719,0.573734414405015
588,137,FALSE,9,19,15,4,0,0,0,0.0343583241994719,0.386647674863372
589,56,FALSE,4,14,10,7,0,0,2,0.0348838356507186,0.534197643147664
590,57,FALSE,98,18,9,5,0,0,0,0.0239794098719859,0.489325988124456
591,98,TRUE,27,16,19,2,7,18,20,0.138192586971169,0.957682237317899
592,126,FALSE,26,19,15,4,0,0,0,0.0343583241994719,0.508302314555001
593,19,FALSE,40,14,10,7,0,0,2,0.0348838356507186,0.559228258955329
594,47,FALSE,93,20,17,6,0,0,0,0.0353719617366976,0.447442627316142
595,101,FALSE,46,16,19,2,0,0,20,0.138192586971169,0.620119454624182
596,143,FALSE,89,2,2,10,0,0,0,0.0160445692346759,0.441952821714709
597,174,FALSE,88,16,19,2,0,0,20,0.138192586971169,0.570461742447937
598,159,FALSE,78,1,20,8,0,0,0,0.0299265776259459,0.654015536854181
599,182,FALSE,91,10,14,14,0,5,8,0.0747137044022689,0.671582431679595
600,102,TRUE,18,14,10,7,1,2,2,0.0348838356507186,0.812389119563749
601,90,FALSE,25,9,5,12,0,0,0,0.0191199542801635,0.633863046700329
602,52,FALSE,72,17,16,16,5,6,6,0.0638967201547981,0.785887702435251
603,76,FALSE,11,8,7,15,0,0,0,0.0212911925569231,0.360902445525461
604,7,FALSE,9,19,15,4,0,0,0,0.0343583241994719,0.594709234603379
605,137,FALSE,9,19,15,4,0,0,0,0.0343583241994719,0.369293848466545
606,41,FALSE,33,7,12,11,0,0,0,0.0310454292922893,0.396649752159828
607,123,FALSE,39,19,15,4,0,0,0,0.0343583241994719,0.507174056661196
608,125,FALSE,93,20,17,6,0,0,0,0.0353719617366976,0.488203105781111
609,67,FALSE,6,2,2,10,0,0,0,0.0160445692346759,0.518049825395983
610,31,FALSE,37,6,11,19,0,0,1,0.028551040411792,0.649755494191898
611,47,FALSE,93,20,17,6,0,0,0,0.0353719617366976,0.617849505564644
612,91,TRUE,91,10,14,14,2,5,8,0.0747137044022689,0.886522875030902
613,176,FALSE,35,10,14,14,0,3,8,0.0747137044022689,0.655464099846083
614,10,FALSE,21,3,1,18,0,0,2,0.0255921650959269,0.234506631457696
615,132,FALSE,12,9,5,12,0,0,0,0.0191199542801635,0.392633623801562
616,120,FALSE,79,6,11,19,0,1,1,0.028551040411792,0.60597085273867
617,83,FALSE,70,13,3,9,0,0,0,0.0167940588784264,0.546704104403412
618,133,FALSE,30,15,18,20,0,0,0,0.0226035222520718,0.363139356369139
619,105,FALSE,31,7,12,11,0,0,0,0.0310454292922893,0.674022093401328
620,157,FALSE,66,12,4,3,0,0,0,0.0161973162326656,0.340197852327144
621,1,FALSE,98,18,9,5,0,0,0,0.0239794098719859,0.59528652334336
622,131,FALSE,50,13,3,9,0,0,0,0.0167940588784264,0.430353499830465
623,38,FALSE,36,9,5,12,0,0,0,0.0191199542801635,0.491960328418118
624,144,FALSE,69,4,8,17,0,0,0,0.0218545194501943,0.492628278542081
625,51,FALSE,1,1,20,8,0,0,0,0.0299265776259459,0.491682230235387
626,1,FALSE,98,18,9,5,0,0,0,0.0239794098719859,0.39875830591711
627,190,FALSE,37,6,11,19,0,0,1,0.028551040411792,0.571039380612837
628,158,FALSE,83,1,20,8,0,0,0,0.0299265776259459,0.429535011891443
629,80,FALSE,87,3,1,18,0,0,2,0.0255921650959269,0.570010695317909
630,73,FALSE,100,20,17,6,0,0,0,0.0353719617366976,0.498054100793723
631,60,FALSE,6,2,2,10,0,0,0,0.0160445692346759,0.580285825651384
632,145,FALSE,68,16,19,2,2,2,20,0.138192586971169,0.642243567187727
633,164,FALSE,49,9,5,12,0,0,0,0.0191199542801635,0.418132316786081
634,104,FALSE,20,3,1,18,2,2,2,0.0255921650959269,0.661647364689848
635,133,FALSE,30,15,18,20,0,0,0,0.0226035222520718,0.445499710367004
636,186,FALSE,51,1,20,8,0,0,0,0.0299265776259459,0.314505910664044
637,104,FALSE,20,3,1,18,2,2,2,0.0255921650959269,0.736683046358292
638,171,FALSE,85,18,9,5,0,0,0,0.0239794098719859,0.564023863883737
639,199,TRUE,91,10,14,14,3,5,8,0.0747137044022689,0.825612207552917
640,43,FALSE,94,3,1,18,0,0,2,0.0255921650959269,0.398676204886393
641,197,FALSE,29,18,9,5,0,0,0,0.0239794098719859,0.308972885184783
642,37,FALSE,90,3,1,18,0,0,2,0.0255921650959269,0.458413163185821
643,155,FALSE,22,11,13,1,0,0,0,0.0270615400067121,0.383370468343166
644,151,FALSE,82,5,6,13,0,0,0,0.0202796290134346,0.388029043120777
645,67,FALSE,6,2,2,10,0,0,0,0.0160445692346759,0.343168849301461
646,91,TRUE,91,10,14,14,2,5,8,0.0747137044022689,0.804552202693726
647,116,FALSE,61,10,14,14,0,0,8,0.0747137044022689,0.4486524003004
648,6,TRUE,27,16,19,2,8,18,20,0.138192586971169,0.923335287074833
649,59,FALSE,47,19,15,4,0,0,0,0.0343583241994719,0.621497515593186
650,31,FALSE,37,6,11,19,0,0,1,0.028551040411792,0.653676874172359
651,4,FALSE,79,6,11,19,1,1,1,0.028551040411792,0.588575723816592
652,10,FALSE,21,3,1,18,0,0,2,0.0255921650959269,0.623162929615664
653,87,FALSE,46,16,19,2,0,0,20,0.138192586971169,0.623154445512101
654,145,FALSE,68,16,19,2,2,2,20,0.138192586971169,0.413596052149103
655,73,FALSE,100,20,17,6,0,0,0,0.0353719617366976,0.492481063967344
656,32,FALSE,93,20,17,6,0,0,0,0.0353719617366976,0.76479909986346
657,120,FALSE,79,6,11,19,0,1,1,0.028551040411792,0.541028680138389
658,173,FALSE,43,17,16,16,0,0,6,0.0638967201547981,0.54193042314818
659,140,FALSE,59,4,8,17,0,0,0,0.0218545194501943,0.645902520995487
660,17,FALSE,6,2,2,10,0,0,0,0.0160445692346759,0.586310757525847
661,174,FALSE,88,16,19,2,0,0,20,0.138192586971169,0.371715298115844
662,38,FALSE,36,9,5,12,0,0,0,0.0191199542801635,0.469608173196955
663,39,FALSE,52,14,10,7,0,0,2,0.0348838356507186,0.60650806697494
664,22,FALSE,6,2,2,10,0,0,0,0.0160445692346759,0.680278347046611
665,101,FALSE,46,16,19,2,0,0,20,0.138192586971169,0.799292975342151
666,179,FALSE,95,19,15,4,0,0,0,0.0343583241994719,0.519536217623263
667,132,FALSE,12,9,5,12,0,0,0,0.0191199542801635,0.59903392988326
668,93,FALSE,44,18,9,5,0,0,0,0.0239794098719859,0.429814264407497
669,70,FALSE,26,19,15,4,0,0,0,0.0343583241994719,0.656930345520832
670,116,FALSE,61,10,14,14,0,0,8,0.0747137044022689,0.722251092393408
671,27,FALSE,53,15,18,20,0,0,0,0.0226035222520718,0.337880385023203
672,52,TRUE,72,17,16,16,5,6,6,0.0638967201547981,0.902211827178421
673,63,FALSE,39,19,15,4,0,0,0,0.0343583241994719,0.480507496174246
674,34,FALSE,59,4,8,17,0,0,0,0.0218545194501943,0.540423513301173
675,66,FALSE,46,16,19,2,0,0,20,0.138192586971169,0.541688589904755
676,48,FALSE,39,19,15,4,0,0,0,0.0343583241994719,0.53498059513163
677,86,FALSE,55,4,8,17,0,0,0,0.0218545194501943,0.508282030094954
678,134,FALSE,57,14,10,7,0,0,2,0.0348838356507186,0.510647640532223
679,50,FALSE,74,4,8,17,0,0,0,0.0218545194501943,0.482903531302385
680,68,FALSE,5,15,18,20,0,0,0,0.0226035222520718,0.50304793021353
681,51,FALSE,1,1,20,8,0,0,0,0.0299265776259459,0.671325940107228
682,140,FALSE,59,4,8,17,0,0,0,0.0218545194501943,0.503564635984932
683,110,FALSE,93,20,17,6,0,0,0,0.0353719617366976,0.521981208506063
684,3,FALSE,41,10,14,14,0,0,8,0.0747137044022689,0.726796445150415
685,87,FALSE,46,16,19,2,0,0,20,0.138192586971169,0.752635033880594
686,162,FALSE,6,2,2,10,0,0,0,0.0160445692346759,0.640440937545857
687,8,FALSE,23,14,10,7,0,0,2,0.0348838356507186,0.383515914593522
688,53,FALSE,20,3,1,18,0,2,2,0.0255921650959269,0.744259615673317
689,185,FALSE,54,10,14,14,0,0,8,0.0747137044022689,0.309993087120686
690,68,FALSE,5,15,18,20,0,0,0,0.0226035222520718,0.533011605179877
691,96,FALSE,99,6,11,19,0,0,1,0.028551040411792,0.635948106651754
692,28,FALSE,80,18,9,5,0,0,0,0.0239794098719859,0.654186980447645
693,143,FALSE,89,2,2,10,0,0,0,0.0160445692346759,0.414732734225519
694,135,FALSE,98,18,9,5,0,0,0,0.0239794098719859,0.423379822633073
695,57,FALSE,98,18,9,5,0,0,0,0.0239794098719859,0.576149860681739
696,157,FALSE,66,12,4,3,0,0,0,0.0161973162326656,0.513516038277433
697,51,FALSE,1,1,20,8,0,0,0,0.0299265776259459,0.266670234304388
698,94,FALSE,60,1,20,8,0,0,0,0.0299265776259459,0.645608757883275
699,105,FALSE,31,7,12,11,0,0,0,0.0310454292922893,0.382484941812703
700,26,FALSE,35,10,14,14,3,3,8,0.0747137044022689,0.485935333502982
701,194,FALSE,73,3,1,18,0,0,2,0.0255921650959269,0.620036608523159
702,127,FALSE,53,15,18,20,0,0,0,0.0226035222520718,0.367918987987392
703,126,FALSE,26,19,15,4,0,0,0,0.0343583241994719,0.466579706180543
704,46,FALSE,43,17,16,16,0,0,6,0.0638967201547981,0.500423933348136
705,181,FALSE,82,5,6,13,0,0,0,0.0202796290134346,0.316855593494982
706,7,FALSE,9,19,15,4,0,0,0,0.0343583241994719,0.534198581906138
707,34,FALSE,59,4,8,17,0,0,0,0.0218545194501943,0.503372925593152
708,114,FALSE,22,11,13,1,0,0,0,0.0270615400067121,0.411697097022486
709,45,FALSE,7,12,4,3,0,0,0,0.0161973162326656,0.424558996037581
710,104,TRUE,20,3,1,18,2,2,2,0.0255921650959269,0.804864416866938
711,48,FALSE,39,19,15,4,0,0,0,0.0343583241994719,0.481410467803642
712,120,FALSE,79,6,11,19,0,1,1,0.028551040411792,0.623347152549171
713,194,FALSE,73,3,1,18,0,0,2,0.0255921650959269,0.39011068140213
714,107,FALSE,9,19,15,4,0,0,0,0.0343583241994719,0.60599164999781
715,62,FALSE,85,18,9,5,0,0,0,0.0239794098719859,0.614214895119611
716,99,FALSE,39,19,15,4,0,0,0,0.0343583241994719,0.401629528670454
717,45,FALSE,7,12,4,3,0,0,0,0.0161973162326656,0.618035589112252
718,36,FALSE,97,12,4,3,0,0,0,0.0161973162326656,0.416160964105958
719,83,FALSE,70,13,3,9,0,0,0,0.0167940588784264,0.585163345955918
720,37,FALSE,90,3,1,18,0,0,2,0.0255921650959269,0.677490914630892
721,99,FALSE,39,19,15,4,0,0,0,0.0343583241994719,0.406501398407374
722,175,FALSE,18,14,10,7,0,2,2,0.0348838356507186,0.6442635697595
723,147,FALSE,34,18,9,5,0,0,0,0.0239794098719859,0.446389013393306
724,161,FALSE,5,15,18,20,0,0,0,0.0226035222520718,0.592386872738297
725,181,FALSE,82,5,6,13,0,0,0,0.0202796290134346,0.447009932925054
726,105,FALSE,31,7,12,11,0,0,0,0.0310454292922893,0.51330660188004
727,46,FALSE,43,17,16,16,0,0,6,0.0638967201547981,0.73093908862661
728,199,TRUE,91,10,14,14,3,5,8,0.0747137044022689,0.873922873204212
729,56,FALSE,4,14,10,7,0,0,2,0.0348838356507186,0.497818538974787
730,145,TRUE,68,16,19,2,2,2,20,0.138192586971169,0.85970757979114
731,16,FALSE,21,3,1,18,0,0,2,0.0255921650959269,0.689095161462023
732,125,FALSE,93,20,17,6,0,0,0,0.0353719617366976,0.481006889831852
733,137,FALSE,9,19,15,4,0,0,0,0.0343583241994719,0.435810770948791
734,200,FALSE,88,16,19,2,0,0,20,0.138192586971169,0.599190319214943
735,6,TRUE,27,16,19,2,8,18,20,0.138192586971169,0.950963889942733
736,94,FALSE,60,1,20,8,0,0,0,0.0299265776259459,0.48292364378598
737,113,FALSE,42,7,12,11,0,0,0,0.0310454292922893,0.648760349006742
738,90,FALSE,25,9,5,12,0,0,0,0.0191199542801635,0.663767278535727
739,46,FALSE,43,17,16,16,0,0,6,0.0638967201547981,0.480606275101401
740,34,FALSE,59,4,8,17,0,0,0,0.0218545194501943,0.5801438347849
741,158,FALSE,83,1,20,8,0,0,0,0.0299265776259459,0.491067617945693
742,60,FALSE,6,2,2,10,0,0,0,0.0160445692346759,0.564143846709937
743,32,FALSE,93,20,17,6,0,0,0,0.0353719617366976,0.275837138457474
744,178,FALSE,43,17,16,16,0,0,6,0.0638967201547981,0.589568829480542
745,76,FALSE,11,8,7,15,0,0,0,0.0212911925569231,0.460770247483384
746,23,FALSE,38,7,12,11,0,0,0,0.0310454292922893,0.439755385623659
747,79,FALSE,13,8,7,15,0,0,0,0.0212911925569231,0.39206981951341
748,28,FALSE,80,18,9,5,0,0,0,0.0239794098719859,0.366042780643549
749,122,FALSE,49,9,5,12,0,0,0,0.0191199542801635,0.555381746099766
750,151,FALSE,82,5,6,13,0,0,0,0.0202796290134346,0.568557198446158
751,177,FALSE,63,6,11,19,0,0,1,0.028551040411792,0.696226732235075
752,172,FALSE,5,15,18,20,0,0,0,0.0226035222520718,0.566172795621463
753,97,FALSE,51,1,20,8,0,0,0,0.0299265776259459,0.432005009263764
754,77,FALSE,74,4,8,17,0,0,0,0.0218545194501943,0.635923894646477
755,22,FALSE,6,2,2,10,0,0,0,0.0160445692346759,0.612571679620071
756,177,FALSE,63,6,11,19,0,0,1,0.028551040411792,0.722109173256814
757,4,TRUE,79,6,11,19,1,1,1,0.028551040411792,0.601573160844525
758,169,FALSE,91,10,14,14,0,5,8,0.0747137044022689,0.710657831239034
759,53,FALSE,20,3,1,18,0,2,2,0.0255921650959269,0.367919886419091
760,148,FALSE,36,9,5,12,0,0,0,0.0191199542801635,0.489110421744469
761,194,FALSE,73,3,1,18,0,0,2,0.0255921650959269,0.682117904134075
762,159,FALSE,78,1,20,8,0,0,0,0.0299265776259459,0.330529959141043
763,24,FALSE,60,1,20,8,0,0,0,0.0299265776259459,0.66397921131304
764,32,FALSE,93,20,17,6,0,0,0,0.0353719617366976,0.452802236222627
765,32,FALSE,93,20,17,6,0,0,0,0.0353719617366976,0.635239947319105
766,161,FALSE,5,15,18,20,0,0,0,0.0226035222520718,0.761184711045944
767,72,FALSE,79,6,11,19,0,1,1,0.028551040411792,0.641529032556599
768,8,FALSE,23,14,10,7,0,0,2,0.0348838356507186,0.588468698436064
769,65,FALSE,19,12,4,3,0,0,0,0.0161973162326656,0.64642879676969
770,94,FALSE,60,1,20,8,0,0,0,0.0299265776259459,0.618294274937072
771,19,FALSE,40,14,10,7,0,0,2,0.0348838356507186,0.339844792744882
772,123,FALSE,39,19,15,4,0,0,0,0.0343583241994719,0.6561377789592
773,72,FALSE,79,6,11,19,0,1,1,0.028551040411792,0.68114742242392
774,18,FALSE,93,20,17,6,0,0,0,0.0353719617366976,0.40103031956131
775,43,FALSE,94,3,1,18,0,0,2,0.0255921650959269,0.673321386271925
776,95,FALSE,87,3,1,18,0,0,2,0.0255921650959269,0.462727622756837
777,36,FALSE,97,12,4,3,0,0,0,0.0161973162326656,0.168863738836329
778,42,FALSE,28,12,4,3,0,0,0,0.0161973162326656,0.624129812895189
779,13,FALSE,87,3,1,18,0,0,2,0.0255921650959269,0.563298492420211
780,85,FALSE,18,14,10,7,1,2,2,0.0348838356507186,0.749218380196539
781,43,FALSE,94,3,1,18,0,0,2,0.0255921650959269,0.430870820493503
782,157,FALSE,66,12,4,3,0,0,0,0.0161973162326656,0.347662631173985
783,54,FALSE,2,13,3,9,0,0,0,0.0167940588784264,0.524002948173046
784,112,FALSE,36,9,5,12,0,0,0,0.0191199542801635,0.668461351853006
785,189,FALSE,83,1,20,8,0,0,0,0.0299265776259459,0.339549508974676
786,137,FALSE,9,19,15,4,0,0,0,0.0343583241994719,0.50680621457703
787,50,FALSE,74,4,8,17,0,0,0,0.0218545194501943,0.27729018089436
788,62,FALSE,85,18,9,5,0,0,0,0.0239794098719859,0.427338243587218
789,97,FALSE,51,1,20,8,0,0,0,0.0299265776259459,0.452401100694124
790,72,FALSE,79,6,11,19,0,1,1,0.028551040411792,0.552969677409334
791,48,FALSE,39,19,15,4,0,0,0,0.0343583241994719,0.572585298363643
792,121,FALSE,83,1,20,8,0,0,0,0.0299265776259459,0.482609321077835
793,138,FALSE,98,18,9,5,0,0,0,0.0239794098719859,0.484472145341388
794,131,FALSE,50,13,3,9,0,0,0,0.0167940588784264,0.392529921022448
795,69,FALSE,26,19,15,4,0,0,0,0.0343583241994719,0.446670842326228
796,142,FALSE,10,15,18,20,0,0,0,0.0226035222520718,0.478012484604699
797,98,TRUE,27,16,19,2,7,18,20,0.138192586971169,0.831409087759823
798,188,FALSE,26,19,15,4,0,0,0,0.0343583241994719,0.314189863543781
799,9,FALSE,28,12,4,3,0,0,0,0.0161973162326656,0.648130463030704
800,165,FALSE,13,8,7,15,0,0,0,0.0212911925569231,0.444648619869327
801,99,FALSE,39,19,15,4,0,0,0,0.0343583241994719,0.3764147570015
802,188,FALSE,26,19,15,4,0,0,0,0.0343583241994719,0.356213166620854
803,164,FALSE,49,9,5,12,0,0,0,0.0191199542801635,0.355769225423253
804,185,FALSE,54,10,14,14,0,0,8,0.0747137044022689,0.687130511404329
805,40,FALSE,54,10,14,14,0,0,8,0.0747137044022689,0.442564975005144
806,104,FALSE,20,3,1,18,2,2,2,0.0255921650959269,0.795617969081858
807,1,FALSE,98,18,9,5,0,0,0,0.0239794098719859,0.314097249804692
808,180,FALSE,100,20,17,6,0,0,0,0.0353719617366976,0.492610358001808
809,89,FALSE,35,10,14,14,0,3,8,0.0747137044022689,0.500530291254339
810,52,TRUE,72,17,16,16,5,6,6,0.0638967201547981,0.861013641912237
811,72,FALSE,79,6,11,19,0,1,1,0.028551040411792,0.655709171548977
812,101,FALSE,46,16,19,2,0,0,20,0.138192586971169,0.604795932979491
813,112,FALSE,36,9,5,12,0,0,0,0.0191199542801635,0.261581181489099
814,114,FALSE,22,11,13,1,0,0,0,0.0270615400067121,0.427731755487038
815,125,FALSE,93,20,17,6,0,0,0,0.0353719617366976,0.511715461561123
816,190,FALSE,37,6,11,19,0,0,1,0.028551040411792,0.671679046597351
817,117,FALSE,56,13,3,9,0,0,0,0.0167940588784264,0.427004462010727
818,16,FALSE,21,3,1,18,0,0,2,0.0255921650959269,0.512390604362311
819,3,FALSE,41,10,14,14,0,0,8,0.0747137044022689,0.642592554410837
820,125,FALSE,93,20,17,6,0,0,0,0.0353719617366976,0.367531287311254
821,17,FALSE,6,2,2,10,0,0,0,0.0160445692346759,0.510884893917644
822,16,FALSE,21,3,1,18,0,0,2,0.0255921650959269,0.640997927322009
823,48,FALSE,39,19,15,4,0,0,0,0.0343583241994719,0.479203503329151
824,67,FALSE,6,2,2,10,0,0,0,0.0160445692346759,0.327205325586292
825,192,FALSE,91,10,14,14,0,5,8,0.0747137044022689,0.617742552733017
826,59,FALSE,47,19,15,4,0,0,0,0.0343583241994719,0.406329244227791
827,156,FALSE,100,20,17,6,0,0,0,0.0353719617366976,0.418130444362849
828,149,FALSE,14,1,20,8,0,0,0,0.0299265776259459,0.392014487861585
829,100,FALSE,55,4,8,17,0,0,0,0.0218545194501943,0.59144223077512
830,200,FALSE,88,16,19,2,0,0,20,0.138192586971169,0.465539360006507
831,180,FALSE,100,20,17,6,0,0,0,0.0353719617366976,0.50308342769658
832,138,FALSE,98,18,9,5,0,0,0,0.0239794098719859,0.483197621164217
833,122,FALSE,49,9,5,12,0,0,0,0.0191199542801635,0.474512583664167
834,158,FALSE,83,1,20,8,0,0,0,0.0299265776259459,0.59765622009805
835,186,FALSE,51,1,20,8,0,0,0,0.0299265776259459,0.534309608090712
836,135,FALSE,98,18,9,5,0,0,0,0.0239794098719859,0.295201037135421
837,181,FALSE,82,5,6,13,0,0,0,0.0202796290134346,0.663824116655026
838,171,FALSE,85,18,9,5,0,0,0,0.0239794098719859,0.545260653262751
839,144,FALSE,69,4,8,17,0,0,0,0.0218545194501943,0.362525521566761
840,189,FALSE,83,1,20,8,0,0,0,0.0299265776259459,0.337556354902146
841,178,FALSE,43,17,16,16,0,0,6,0.0638967201547981,0.508060745457378
842,115,FALSE,100,20,17,6,0,0,0,0.0353719617366976,0.588394512659719
843,167,TRUE,27,16,19,2,3,18,20,0.138192586971169,0.969054149573392
844,93,FALSE,44,18,9,5,0,0,0,0.0239794098719859,0.285798717475713
845,113,FALSE,42,7,12,11,0,0,0,0.0310454292922893,0.526512492121064
846,69,FALSE,26,19,15,4,0,0,0,0.0343583241994719,0.603931040300496
847,75,FALSE,61,10,14,14,0,0,8,0.0747137044022689,0.764336336485563
848,75,FALSE,61,10,14,14,0,0,8,0.0747137044022689,0.383409709852337
849,87,FALSE,46,16,19,2,0,0,20,0.138192586971169,0.447155190882805
850,26,FALSE,35,10,14,14,3,3,8,0.0747137044022689,0.785518540926911
851,55,FALSE,34,18,9,5,0,0,0,0.0239794098719859,0.463049808509221
852,118,FALSE,90,3,1,18,0,0,2,0.0255921650959269,0.444891143891049
853,22,FALSE,6,2,2,10,0,0,0,0.0160445692346759,0.724980868945518
854,48,FALSE,39,19,15,4,0,0,0,0.0343583241994719,0.744507311279059
855,31,FALSE,37,6,11,19,0,0,1,0.028551040411792,0.685462050874282
856,165,FALSE,13,8,7,15,0,0,0,0.0212911925569231,0.617207724872574
857,160,FALSE,4,14,10,7,0,0,2,0.0348838356507186,0.47956664476818
858,156,FALSE,100,20,17,6,0,0,0,0.0353719617366976,0.607230859527745
859,13,FALSE,87,3,1,18,0,0,2,0.0255921650959269,0.480555258112314
860,30,FALSE,13,8,7,15,0,0,0,0.0212911925569231,0.392339413178181
861,147,FALSE,34,18,9,5,0,0,0,0.0239794098719859,0.492810534998151
862,29,FALSE,24,6,11,19,0,0,1,0.028551040411792,0.487899101353826
863,188,FALSE,26,19,15,4,0,0,0,0.0343583241994719,0.721469538985664
864,40,FALSE,54,10,14,14,0,0,8,0.0747137044022689,0.564032048981818
865,32,FALSE,93,20,17,6,0,0,0,0.0353719617366976,0.47197342786094
866,139,FALSE,67,6,11,19,0,0,1,0.028551040411792,0.661412476747801
867,153,FALSE,15,7,12,11,0,0,0,0.0310454292922893,0.526498593959465
868,26,FALSE,35,10,14,14,3,3,8,0.0747137044022689,0.775090583087287
869,151,FALSE,82,5,6,13,0,0,0,0.0202796290134346,0.438867028677441
870,167,TRUE,27,16,19,2,3,18,20,0.138192586971169,0.972050911080258
871,73,FALSE,100,20,17,6,0,0,0,0.0353719617366976,0.489724557194268
872,101,FALSE,46,16,19,2,0,0,20,0.138192586971169,0.705387714769247
873,121,FALSE,83,1,20,8,0,0,0,0.0299265776259459,0.473497425655163
874,147,FALSE,34,18,9,5,0,0,0,0.0239794098719859,0.438586289408554
875,162,FALSE,6,2,2,10,0,0,0,0.0160445692346759,0.32566147253875
876,185,FALSE,54,10,14,14,0,0,8,0.0747137044022689,0.390871837890711
877,166,FALSE,40,14,10,7,0,0,2,0.0348838356507186,0.777692573279613
878,194,FALSE,73,3,1,18,0,0,2,0.0255921650959269,0.449058373681359
879,144,FALSE,69,4,8,17,0,0,0,0.0218545194501943,0.427181467292212
880,161,FALSE,5,15,18,20,0,0,0,0.0226035222520718,0.617748532451336
881,165,FALSE,13,8,7,15,0,0,0,0.0212911925569231,0.483040955651325
882,149,FALSE,14,1,20,8,0,0,0,0.0299265776259459,0.469503081029762
883,103,FALSE,20,3,1,18,0,2,2,0.0255921650959269,0.635333068165505
884,79,FALSE,13,8,7,15,0,0,0,0.0212911925569231,0.587189251555299
885,71,FALSE,4,14,10,7,0,0,2,0.0348838356507186,0.263990731737654
886,145,FALSE,68,16,19,2,2,2,20,0.138192586971169,0.776632068679693
887,134,FALSE,57,14,10,7,0,0,2,0.0348838356507186,0.348299918527605
888,193,FALSE,24,6,11,19,0,0,1,0.028551040411792,0.625762151029559
889,156,FALSE,100,20,17,6,0,0,0,0.0353719617366976,0.370651866821669
890,118,FALSE,90,3,1,18,0,0,2,0.0255921650959269,0.490536414394244
891,108,FALSE,76,9,5,12,0,0,0,0.0191199542801635,0.320120938654998
892,135,FALSE,98,18,9,5,0,0,0,0.0239794098719859,0.6363550647658
893,30,FALSE,13,8,7,15,0,0,0,0.0212911925569231,0.472097793563852
894,136,FALSE,26,19,15,4,0,0,0,0.0343583241994719,0.655091480254771
895,71,FALSE,4,14,10,7,0,0,2,0.0348838356507186,0.624231859490995
896,125,FALSE,93,20,17,6,0,0,0,0.0353719617366976,0.494373024215018
897,162,FALSE,6,2,2,10,0,0,0,0.0160445692346759,0.4143647537133
898,144,FALSE,69,4,8,17,0,0,0,0.0218545194501943,0.550605695583483
899,172,FALSE,5,15,18,20,0,0,0,0.0226035222520718,0.359689616417089
900,163,FALSE,58,12,4,3,0,0,0,0.0161973162326656,0.544821294539739
901,13,FALSE,87,3,1,18,0,0,2,0.0255921650959269,0.606883218555989
902,128,FALSE,83,1,20,8,0,0,0,0.0299265776259459,0.571982419202972
903,64,FALSE,54,10,14,14,0,0,8,0.0747137044022689,0.47930177351249
904,95,FALSE,87,3,1,18,0,0,2,0.0255921650959269,0.677086666019732
905,97,FALSE,51,1,20,8,0,0,0,0.0299265776259459,0.615616509789613
906,3,FALSE,41,10,14,14,0,0,8,0.0747137044022689,0.726167353379162
907,142,FALSE,10,15,18,20,0,0,0,0.0226035222520718,0.392414859332472
908,132,FALSE,12,9,5,12,0,0,0,0.0191199542801635,0.621998768861724
909,25,FALSE,25,9,5,12,0,0,0,0.0191199542801635,0.471752093156453
910,102,FALSE,18,14,10,7,1,2,2,0.0348838356507186,0.69390215435008
911,196,FALSE,77,8,7,15,0,0,0,0.0212911925569231,0.496766908037857
912,37,FALSE,90,3,1,18,0,0,2,0.0255921650959269,0.557048761030724
913,137,FALSE,9,19,15,4,0,0,0,0.0343583241994719,0.372858018962314
914,138,FALSE,98,18,9,5,0,0,0,0.0239794098719859,0.612568252802793
915,179,FALSE,95,19,15,4,0,0,0,0.0343583241994719,0.321992536754604
916,25,FALSE,25,9,5,12,0,0,0,0.0191199542801635,0.576753460443539
917,73,FALSE,100,20,17,6,0,0,0,0.0353719617366976,0.49008372586705
918,92,FALSE,67,6,11,19,0,0,1,0.028551040411792,0.356512501862511
919,75,FALSE,61,10,14,14,0,0,8,0.0747137044022689,0.338630785142468
920,56,FALSE,4,14,10,7,0,0,2,0.0348838356507186,0.267747867445265
921,143,FALSE,89,2,2,10,0,0,0,0.0160445692346759,0.607003250291555
922,173,FALSE,43,17,16,16,0,0,6,0.0638967201547981,0.515785897716682
923,183,FALSE,66,12,4,3,0,0,0,0.0161973162326656,0.502672658742228
924,162,FALSE,6,2,2,10,0,0,0,0.0160445692346759,0.373534692208659
925,158,FALSE,83,1,20,8,0,0,0,0.0299265776259459,0.550676103658277
926,199,TRUE,91,10,14,14,3,5,8,0.0747137044022689,0.672300226050442
927,64,FALSE,54,10,14,14,0,0,8,0.0747137044022689,0.504172835103653
928,197,FALSE,29,18,9,5,0,0,0,0.0239794098719859,0.573633740010516
929,120,FALSE,79,6,11,19,0,1,1,0.028551040411792,0.750382661352825
930,182,FALSE,91,10,14,14,0,5,8,0.0747137044022689,0.68374706575611
931,141,FALSE,17,4,8,17,0,0,0,0.0218545194501943,0.492487120536344
932,197,FALSE,29,18,9,5,0,0,0,0.0239794098719859,0.627250230084551
933,92,FALSE,67,6,11,19,0,0,1,0.028551040411792,0.524185285299067
934,187,FALSE,86,20,17,6,0,0,0,0.0353719617366976,0.495135942394581
935,175,FALSE,18,14,10,7,0,2,2,0.0348838356507186,0.623373593076964
936,28,FALSE,80,18,9,5,0,0,0,0.0239794098719859,0.523917969822287
937,185,FALSE,54,10,14,14,0,0,8,0.0747137044022689,0.565164985899015
938,183,FALSE,66,12,4,3,0,0,0,0.0161973162326656,0.412648823217086
939,84,FALSE,36,9,5,12,0,0,0,0.0191199542801635,0.455228369751968
940,71,FALSE,4,14,10,7,0,0,2,0.0348838356507186,0.451806326672645
941,183,FALSE,66,12,4,3,0,0,0,0.0161973162326656,0.533310315707051
942,126,FALSE,26,19,15,4,0,0,0,0.0343583241994719,0.486738473829229
943,35,FALSE,71,12,4,3,0,0,0,0.0161973162326656,0.657893237948678
944,51,FALSE,1,1,20,8,0,0,0,0.0299265776259459,0.529542371254093
945,49,FALSE,42,7,12,11,0,0,0,0.0310454292922893,0.536259348763956
946,43,FALSE,94,3,1,18,0,0,2,0.0255921650959269,0.468396215739891
947,191,FALSE,80,18,9,5,0,0,0,0.0239794098719859,0.400776433233532
948,75,FALSE,61,10,14,14,0,0,8,0.0747137044022689,0.695115019116484
949,65,FALSE,19,12,4,3,0,0,0,0.0161973162326656,0.696109179712548
950,169,FALSE,91,10,14,14,0,5,8,0.0747137044022689,0.758508472051517
951,57,FALSE,98,18,9,5,0,0,0,0.0239794098719859,0.546778400129169
952,53,FALSE,20,3,1,18,0,2,2,0.0255921650959269,0.524741027192599
953,39,FALSE,52,14,10,7,0,0,2,0.0348838356507186,0.414119645688343
954,34,FALSE,59,4,8,17,0,0,0,0.0218545194501943,0.573740348645147
955,192,FALSE,91,10,14,14,0,5,8,0.0747137044022689,0.561842959927262
956,182,FALSE,91,10,14,14,0,5,8,0.0747137044022689,0.63976364280269
957,166,FALSE,40,14,10,7,0,0,2,0.0348838356507186,0.371930456513631
958,73,FALSE,100,20,17,6,0,0,0,0.0353719617366976,0.360773606677391
959,2,FALSE,63,6,11,19,0,0,1,0.028551040411792,0.454923735889717
960,79,FALSE,13,8,7,15,0,0,0,0.0212911925569231,0.375288643651019
961,167,TRUE,27,16,19,2,3,18,20,0.138192586971169,0.947443092264019
962,18,FALSE,93,20,17,6,0,0,0,0.0353719617366976,0.278878033855894
963,138,FALSE,98,18,9,5,0,0,0,0.0239794098719859,0.497657982370724
964,120,FALSE,79,6,11,19,0,1,1,0.028551040411792,0.562988709601438
965,140,FALSE,59,4,8,17,0,0,0,0.0218545194501943,0.57364007475931
966,1,FALSE,98,18,9,5,0,0,0,0.0239794098719859,0.600178930032695
967,142,FALSE,10,15,18,20,0,0,0,0.0226035222520718,0.60342869066299
968,112,FALSE,36,9,5,12,0,0,0,0.0191199542801635,0.29414290013542
969,12,FALSE,90,3,1,18,0,0,2,0.0255921650959269,0.503628477350745
970,164,FALSE,49,9,5,12,0,0,0,0.0191199542801635,0.67197869918201
971,98,TRUE,27,16,19,2,7,18,20,0.138192586971169,0.877137263709544
972,115,FALSE,100,20,17,6,0,0,0,0.0353719617366976,0.36464741916133
973,124,FALSE,6,2,2,10,0,0,0,0.0160445692346759,0.618196449617306
974,97,FALSE,51,1,20,8,0,0,0,0.0299265776259459,0.43040029462917
975,24,FALSE,60,1,20,8,0,0,0,0.0299265776259459,0.581566279316057
976,168,FALSE,66,12,4,3,0,0,0,0.0161973162326656,0.449026603470103
977,9,FALSE,28,12,4,3,0,0,0,0.0161973162326656,0.455459707221142
978,173,FALSE,43,17,16,16,0,0,6,0.0638967201547981,0.730689539143854
979,81,FALSE,91,10,14,14,0,5,8,0.0747137044022689,0.543867340303676
980,150,FALSE,63,6,11,19,0,0,1,0.028551040411792,0.649447412038598
981,93,FALSE,44,18,9,5,0,0,0,0.0239794098719859,0.380317501357986
982,80,FALSE,87,3,1,18,0,0,2,0.0255921650959269,0.528881676087674
983,63,FALSE,39,19,15,4,0,0,0,0.0343583241994719,0.593214370563588
984,26,TRUE,35,10,14,14,3,3,8,0.0747137044022689,0.86049305043162
985,66,FALSE,46,16,19,2,0,0,20,0.138192586971169,0.484297508180664
986,160,FALSE,4,14,10,7,0,0,2,0.0348838356507186,0.559918215602331
987,82,FALSE,5,15,18,20,0,0,0,0.0226035222520718,0.491703891233773
988,55,FALSE,34,18,9,5,0,0,0,0.0239794098719859,0.376584141670413
989,128,FALSE,83,1,20,8,0,0,0,0.0299265776259459,0.382398250657912
990,192,FALSE,91,10,14,14,0,5,8,0.0747137044022689,0.505252316114302
991,24,FALSE,60,1,20,8,0,0,0,0.0299265776259459,0.628064802597519
992,4,FALSE,79,6,11,19,1,1,1,0.028551040411792,0.703270540491028
993,75,FALSE,61,10,14,14,0,0,8,0.0747137044022689,0.502791623425342
994,173,FALSE,43,17,16,16,0,0,6,0.0638967201547981,0.558541110372458
995,139,FALSE,67,6,11,19,0,0,1,0.028551040411792,0.557222658029714
996,29,FALSE,24,6,11,19,0,0,1,0.028551040411792,0.646758026674456
997,87,FALSE,46,16,19,2,0,0,20,0.138192586971169,0.699197412623707
998,104,TRUE,20,3,1,18,2,2,2,0.0255921650959269,0.754866100565275
999,121,FALSE,83,1,20,8,0,0,0,0.0299265776259459,0.609933512713759
1000,68,FALSE,5,15,18,20,0,0,0,0.0226035222520718,0.532138048142521
